<?xml version="1.0" encoding="UTF-8"?>
<!DOCTYPE suite SYSTEM "https://testng.org/testng-1.0.dtd">
<suite name="Suite">
<parameter name="url" value="http://leaftaps.com/opentaps/control/main"></parameter>
  <test thread-count="5" name="TestNG">
  <parameter name="browser" value="FireFox"></parameter>
    <classes>
      <class name="runner.TC001_LoginTC"/>
    </classes>
  </test> <!-- Test -->
  <test thread-count="5" name="BDD">
  <parameter name="browser" value="Safari"></parameter>
    <classes>
      <class name="bddRunner.Login_TC001"/>
    </classes>
  </test> <!-- Test -->
</suite> <!-- Suite -->
